Badness,Stage 1 Planet Diameter (Inches),Stage 2 Planet Diameter (Inches),Stage 1 Sun Diameter (Inches),Stage 2 Ring Diameter (Inches),Diametral Pitch,Gear Ratio,Stage 1 Planet Tooth No.,Stage 2 Planet Tooth No.,Stage 1 Sun Tooth No.,Stage 2 Ring Tooth No.,,,,,,
5.41E-12,1.5,1,1,3.5,20,6.25,30,20,20,70,,,,,,
5.41E-12,1.5,1,1,3.5,20,6.25,30,20,20,70,,Inputs:,,,,
1.19E-11,1.5,1,1,3.5,20,6.25,30,20,20,70,,Front Gear Ratio,Rear Gear Ratio,Planet Shaft Diameter (Inches),Sun Shaft Diameter (Inches),Adjustment Value (Inches)
1.69E-11,1.5,1,1,3.5,20,6.25,30,20,20,70,,6.25,7.75,0.75,0.71,0.2
1.90E-11,1.5,1,1,3.5,20,6.25,30,20,20,70,,,,,,
1.90E-11,1.5,1,1,3.5,20,6.25,30,20,20,70,,,,,,
2.90E-11,1.5,1,1,3.5,20,6.25,30,20,20,70,,,,,,
4.09E-11,1.5,1,1,3.5,20,6.25,30,20,20,70,,,,,,
4.80E-06,1.5,1,1,3.5,20,6.25,30,20,20,70,,,,,,
0.0024477,1.6111,1.1111,1.0556,3.7778,18,6.1895,29,20,19,68,,,,,,
0.0024477,1.6111,1.1111,1.0556,3.7778,18,6.1895,29,20,19,68,,,,,,
0.0024477,1.6111,1.1111,1.0556,3.7778,18,6.1895,29,20,19,68,,,,,,
0.0024477,1.6111,1.1111,1.0556,3.7778,18,6.1895,29,20,19,68,,,,,,
0.0024477,1.6111,1.1111,1.0556,3.7778,18,6.1895,29,20,19,68,,,,,,
0.0024477,1.6111,1.1111,1.0556,3.7778,18,6.1895,29,20,19,68,,,,,,
0.0024477,1.6111,1.1111,1.0556,3.7778,18,6.1895,29,20,19,68,,,,,,
0.0024477,1.6111,1.1111,1.0556,3.7778,18,6.1895,29,20,19,68,,,,,,
0.0024477,1.6111,1.1111,1.0556,3.7778,18,6.1895,29,20,19,68,,,,,,
0.0024477,1.6111,1.1111,1.0556,3.7778,18,6.1895,29,20,19,68,,,,,,
0.0024477,1.6111,1.1111,1.0556,3.7778,18,6.1895,29,20,19,68,,,,,,
0.0024477,1.6111,1.1111,1.0556,3.7778,18,6.1895,29,20,19,68,,,,,,
0.0024477,1.6111,1.1111,1.0556,3.7778,18,6.1895,29,20,19,68,,,,,,
0.0024477,1.6111,1.1111,1.0556,3.7778,18,6.1895,29,20,19,68,,,,,,
0.0024477,1.6111,1.1111,1.0556,3.7778,18,6.1895,29,20,19,68,,,,,,
0.0024477,1.6111,1.1111,1.0556,3.7778,18,6.1895,29,20,19,68,,,,,,
0.0024477,1.6111,1.1111,1.0556,3.7778,18,6.1895,29,20,19,68,,,,,,
0.0024477,1.6111,1.1111,1.0556,3.7778,18,6.1895,29,20,19,68,,,,,,
0.0024477,1.6111,1.1111,1.0556,3.7778,18,6.1895,29,20,19,68,,,,,,
0.0024477,1.6111,1.1111,1.0556,3.7778,18,6.1895,29,20,19,68,,,,,,
0.0024477,1.6111,1.1111,1.0556,3.7778,18,6.1895,29,20,19,68,,,,,,
0.0024477,1.6111,1.1111,1.0556,3.7778,18,6.1895,29,20,19,68,,,,,,
0.0024477,1.6111,1.1111,1.0556,3.7778,18,6.1895,29,20,19,68,,,,,,
0.0024477,1.6111,1.1111,1.0556,3.7778,18,6.1895,29,20,19,68,,,,,,
0.0024477,1.6111,1.1111,1.0556,3.7778,18,6.1895,29,20,19,68,,,,,,
0.0024477,1.6111,1.1111,1.0556,3.7778,18,6.1895,29,20,19,68,,,,,,
0.0024477,1.6111,1.1111,1.0556,3.7778,18,6.1895,29,20,19,68,,,,,,
0.0024477,1.6111,1.1111,1.0556,3.7778,18,6.1895,29,20,19,68,,,,,,
0.0024477,1.6111,1.1111,1.0556,3.7778,18,6.1895,29,20,19,68,,,,,,
0.0024801,1.6111,1.1111,1.0556,3.7778,18,6.1895,29,20,19,68,,,,,,
0.0024819,1.6111,1.1111,1.0556,3.7778,18,6.1895,29,20,19,68,,,,,,
0.0024995,1.6111,1.1111,1.0556,3.7778,18,6.1895,29,20,19,68,,,,,,
0.0025068,1.6111,1.1111,1.0556,3.7778,18,6.1895,29,20,19,68,,,,,,
0.0025093,1.6111,1.1111,1.0556,3.7778,18,6.1895,29,20,19,68,,,,,,
0.0025234,1.6111,1.1111,1.0556,3.7778,18,6.1895,29,20,19,68,,,,,,
0.0025318,1.6111,1.1111,1.0556,3.7778,18,6.1895,29,20,19,68,,,,,,
0.0025333,1.6111,1.1111,1.0556,3.7778,18,6.1895,29,20,19,68,,,,,,
0.0025364,1.6111,1.1111,1.0556,3.7778,18,6.1895,29,20,19,68,,,,,,
0.0025447,1.6111,1.1111,1.0556,3.7778,18,6.1895,29,20,19,68,,,,,,
0.002559,1.6111,1.1111,1.0556,3.7778,18,6.1895,29,20,19,68,,,,,,
0.0025592,1.6111,1.1111,1.0556,3.7778,18,6.1895,29,20,19,68,,,,,,
0.0025658,1.6111,1.1111,1.0556,3.7778,18,6.1895,29,20,19,68,,,,,,
0.0025702,1.6111,1.1111,1.0556,3.7778,18,6.1895,29,20,19,68,,,,,,
0.0025756,1.6111,1.1111,1.0556,3.7778,18,6.1895,29,20,19,68,,,,,,
0.0025769,1.6111,1.1111,1.0556,3.7778,18,6.1895,29,20,19,68,,,,,,
0.0025778,1.6111,1.1111,1.0556,3.7778,18,6.1895,29,20,19,68,,,,,,
0.002581,1.6111,1.1111,1.0556,3.7778,18,6.1895,29,20,19,68,,,,,,
0.0025856,1.6111,1.1111,1.0556,3.7778,18,6.1895,29,20,19,68,,,,,,
0.0025856,1.6111,1.1111,1.0556,3.7778,18,6.1895,29,20,19,68,,,,,,
0.0025889,1.6111,1.1111,1.0556,3.7778,18,6.1895,29,20,19,68,,,,,,
0.0025901,1.6111,1.1111,1.0556,3.7778,18,6.1895,29,20,19,68,,,,,,
0.0025911,1.6111,1.1111,1.0556,3.7778,18,6.1895,29,20,19,68,,,,,,
0.0025943,1.6111,1.1111,1.0556,3.7778,18,6.1895,29,20,19,68,,,,,,
0.0025965,1.6111,1.1111,1.0556,3.7778,18,6.1895,29,20,19,68,,,,,,
0.0025973,1.6111,1.1111,1.0556,3.7778,18,6.1895,29,20,19,68,,,,,,
0.0025988,1.6111,1.1111,1.0556,3.7778,18,6.1895,29,20,19,68,,,,,,
0.0026053,1.6111,1.1111,1.0556,3.7778,18,6.1895,29,20,19,68,,,,,,
0.0026071,1.6111,1.1111,1.0556,3.7778,18,6.1895,29,20,19,68,,,,,,
0.0026096,1.6111,1.1111,1.0556,3.7778,18,6.1895,29,20,19,68,,,,,,
0.0026129,1.6111,1.1111,1.0556,3.7778,18,6.1895,29,20,19,68,,,,,,
0.0026129,1.6111,1.1111,1.0556,3.7778,18,6.1895,29,20,19,68,,,,,,
0.002613,1.6111,1.1111,1.0556,3.7778,18,6.1895,29,20,19,68,,,,,,
0.0026166,1.6111,1.1111,1.0556,3.7778,18,6.1895,29,20,19,68,,,,,,
0.0026174,1.6111,1.1111,1.0556,3.7778,18,6.1895,29,20,19,68,,,,,,
0.0026274,1.6111,1.1111,1.0556,3.7778,18,6.1895,29,20,19,68,,,,,,
0.0026284,1.6111,1.1111,1.0556,3.7778,18,6.1895,29,20,19,68,,,,,,
0.0026298,1.6111,1.1111,1.0556,3.7778,18,6.1895,29,20,19,68,,,,,,
0.0026305,1.6111,1.1111,1.0556,3.7778,18,6.1895,29,20,19,68,,,,,,
0.0026307,1.6111,1.1111,1.0556,3.7778,18,6.1895,29,20,19,68,,,,,,
0.0026309,1.6111,1.1111,1.0556,3.7778,18,6.1895,29,20,19,68,,,,,,
0.0026319,1.6111,1.1111,1.0556,3.7778,18,6.1895,29,20,19,68,,,,,,
0.0026351,1.6111,1.1111,1.0556,3.7778,18,6.1895,29,20,19,68,,,,,,
0.0026386,1.6111,1.1111,1.0556,3.7778,18,6.1895,29,20,19,68,,,,,,
0.0026387,1.6111,1.1111,1.0556,3.7778,18,6.1895,29,20,19,68,,,,,,
0.0026395,1.6111,1.1111,1.0556,3.7778,18,6.1895,29,20,19,68,,,,,,
0.0026403,1.6111,1.1111,1.0556,3.7778,18,6.1895,29,20,19,68,,,,,,
0.0026418,1.6111,1.1111,1.0556,3.7778,18,6.1895,29,20,19,68,,,,,,
0.0026439,1.6111,1.1111,1.0556,3.7778,18,6.1895,29,20,19,68,,,,,,
0.0026461,1.6111,1.1111,1.0556,3.7778,18,6.1895,29,20,19,68,,,,,,
0.0026537,1.6111,1.1111,1.0556,3.7778,18,6.1895,29,20,19,68,,,,,,
0.0026553,1.6111,1.1111,1.0556,3.7778,18,6.1895,29,20,19,68,,,,,,
0.0026604,1.6111,1.1111,1.0556,3.7778,18,6.1895,29,20,19,68,,,,,,
0.0026616,1.6111,1.1111,1.0556,3.7778,18,6.1895,29,20,19,68,,,,,,
0.002666,1.6111,1.1111,1.0556,3.7778,18,6.1895,29,20,19,68,,,,,,
0.0026669,1.6111,1.1111,1.0556,3.7778,18,6.1895,29,20,19,68,,,,,,
0.0026695,1.6111,1.1111,1.0556,3.7778,18,6.1895,29,20,19,68,,,,,,
0.0026742,1.6111,1.1111,1.0556,3.7778,18,6.1895,29,20,19,68,,,,,,
0.0026785,1.6111,1.1111,1.0556,3.7778,18,6.1895,29,20,19,68,,,,,,
0.0026825,1.6111,1.1111,1.0556,3.7778,18,6.1895,29,20,19,68,,,,,,
0.0026837,1.6111,1.1111,1.0556,3.7778,18,6.1895,29,20,19,68,,,,,,
0.0026862,1.6111,1.1111,1.0556,3.7778,18,6.1895,29,20,19,68,,,,,,
0.0026878,1.6111,1.1111,1.0556,3.7778,18,6.1895,29,20,19,68,,,,,,
0.0026884,1.6111,1.1111,1.0556,3.7778,18,6.1895,29,20,19,68,,,,,,
0.0026898,1.6111,1.1111,1.0556,3.7778,18,6.1895,29,20,19,68,,,,,,
0.0026935,1.6111,1.1111,1.0556,3.7778,18,6.1895,29,20,19,68,,,,,,
0.0026959,1.6111,1.1111,1.0556,3.7778,18,6.1895,29,20,19,68,,,,,,
0.002701,1.6111,1.1111,1.0556,3.7778,18,6.1895,29,20,19,68,,,,,,
0.0027053,1.6111,1.1111,1.0556,3.7778,18,6.1895,29,20,19,68,,,,,,
0.0027054,1.6111,1.1111,1.0556,3.7778,18,6.1895,29,20,19,68,,,,,,
0.0027086,1.6111,1.1111,1.0556,3.7778,18,6.1895,29,20,19,68,,,,,,
0.0027091,1.6111,1.1111,1.0556,3.7778,18,6.1895,29,20,19,68,,,,,,
0.0027104,1.6111,1.1111,1.0556,3.7778,18,6.1895,29,20,19,68,,,,,,
0.0027124,1.6111,1.1111,1.0556,3.7778,18,6.1895,29,20,19,68,,,,,,
0.002715,1.6111,1.1111,1.0556,3.7778,18,6.1895,29,20,19,68,,,,,,
0.0027158,1.6111,1.1111,1.0556,3.7778,18,6.1895,29,20,19,68,,,,,,
0.0027178,1.6111,1.1111,1.0556,3.7778,18,6.1895,29,20,19,68,,,,,,
0.0027229,1.6111,1.1111,1.0556,3.7778,18,6.1895,29,20,19,68,,,,,,
0.0027242,1.6111,1.1111,1.0556,3.7778,18,6.1895,29,20,19,68,,,,,,
0.0027268,1.6111,1.1111,1.0556,3.7778,18,6.1895,29,20,19,68,,,,,,
0.0027306,1.6111,1.1111,1.0556,3.7778,18,6.1895,29,20,19,68,,,,,,
0.0027351,1.6111,1.1111,1.0556,3.7778,18,6.1895,29,20,19,68,,,,,,
0.0027359,1.6111,1.1111,1.0556,3.7778,18,6.1895,29,20,19,68,,,,,,
0.0027379,1.6111,1.1111,1.0556,3.7778,18,6.1895,29,20,19,68,,,,,,
0.0027385,1.6111,1.1111,1.0556,3.7778,18,6.1895,29,20,19,68,,,,,,
0.002741,1.6111,1.1111,1.0556,3.7778,18,6.1895,29,20,19,68,,,,,,
0.0027424,1.6111,1.1111,1.0556,3.7778,18,6.1895,29,20,19,68,,,,,,
0.0027424,1.6111,1.1111,1.0556,3.7778,18,6.1895,29,20,19,68,,,,,,
0.002744,1.6111,1.1111,1.0556,3.7778,18,6.1895,29,20,19,68,,,,,,
0.0027446,1.6111,1.1111,1.0556,3.7778,18,6.1895,29,20,19,68,,,,,,
0.0027476,1.6111,1.1111,1.0556,3.7778,18,6.1895,29,20,19,68,,,,,,
0.0027516,1.6111,1.1111,1.0556,3.7778,18,6.1895,29,20,19,68,,,,,,
0.0027551,1.6111,1.1111,1.0556,3.7778,18,6.1895,29,20,19,68,,,,,,
0.002757,1.6111,1.1111,1.0556,3.7778,18,6.1895,29,20,19,68,,,,,,
0.0027603,1.6111,1.1111,1.0556,3.7778,18,6.1895,29,20,19,68,,,,,,
0.0027659,1.6111,1.1111,1.0556,3.7778,18,6.1895,29,20,19,68,,,,,,
0.0027663,1.6111,1.1111,1.0556,3.7778,18,6.1895,29,20,19,68,,,,,,
0.0027669,1.6111,1.1111,1.0556,3.7778,18,6.1895,29,20,19,68,,,,,,
0.0027708,1.6111,1.1111,1.0556,3.7778,18,6.1895,29,20,19,68,,,,,,
0.0027754,1.6111,1.1111,1.0556,3.7778,18,6.1895,29,20,19,68,,,,,,
0.0027797,1.6111,1.1111,1.0556,3.7778,18,6.1895,29,20,19,68,,,,,,
0.00278,1.6111,1.1111,1.0556,3.7778,18,6.1895,29,20,19,68,,,,,,
0.0027822,1.6111,1.1111,1.0556,3.7778,18,6.1895,29,20,19,68,,,,,,
0.0027824,1.6111,1.1111,1.0556,3.7778,18,6.1895,29,20,19,68,,,,,,
0.002783,1.6111,1.1111,1.0556,3.7778,18,6.1895,29,20,19,68,,,,,,
0.0027843,1.6111,1.1111,1.0556,3.7778,18,6.1895,29,20,19,68,,,,,,
0.0027852,1.6111,1.1111,1.0556,3.7778,18,6.1895,29,20,19,68,,,,,,
0.0027874,1.6111,1.1111,1.0556,3.7778,18,6.1895,29,20,19,68,,,,,,
0.0027902,1.6111,1.1111,1.0556,3.7778,18,6.1895,29,20,19,68,,,,,,
0.0027915,1.6111,1.1111,1.0556,3.7778,18,6.1895,29,20,19,68,,,,,,
0.0027961,1.6111,1.1111,1.0556,3.7778,18,6.1895,29,20,19,68,,,,,,
0.0027963,1.6111,1.1111,1.0556,3.7778,18,6.1895,29,20,19,68,,,,,,
0.0027998,1.6111,1.1111,1.0556,3.7778,18,6.1895,29,20,19,68,,,,,,
0.0028035,1.6111,1.1111,1.0556,3.7778,18,6.1895,29,20,19,68,,,,,,
0.0028045,1.6111,1.1111,1.0556,3.7778,18,6.1895,29,20,19,68,,,,,,
0.0028087,1.6111,1.1111,1.0556,3.7778,18,6.1895,29,20,19,68,,,,,,
0.0028088,1.6111,1.1111,1.0556,3.7778,18,6.1895,29,20,19,68,,,,,,
0.0028089,1.6111,1.1111,1.0556,3.7778,18,6.1895,29,20,19,68,,,,,,
0.0028106,1.6111,1.1111,1.0556,3.7778,18,6.1895,29,20,19,68,,,,,,
0.002812,1.6111,1.1111,1.0556,3.7778,18,6.1895,29,20,19,68,,,,,,
0.0028137,1.6111,1.1111,1.0556,3.7778,18,6.1895,29,20,19,68,,,,,,
0.0028146,1.6111,1.1111,1.0556,3.7778,18,6.1895,29,20,19,68,,,,,,
0.0028156,1.6111,1.1111,1.0556,3.7778,18,6.1895,29,20,19,68,,,,,,
0.002816,1.6111,1.1111,1.0556,3.7778,18,6.1895,29,20,19,68,,,,,,
0.0028195,1.6111,1.1111,1.0556,3.7778,18,6.1895,29,20,19,68,,,,,,
0.0028199,1.6111,1.1111,1.0556,3.7778,18,6.1895,29,20,19,68,,,,,,
0.00282,1.6111,1.1111,1.0556,3.7778,18,6.1895,29,20,19,68,,,,,,
0.0028209,1.6111,1.1111,1.0556,3.7778,18,6.1895,29,20,19,68,,,,,,
0.0028231,1.6111,1.1111,1.0556,3.7778,18,6.1895,29,20,19,68,,,,,,
0.0028236,1.6111,1.1111,1.0556,3.7778,18,6.1895,29,20,19,68,,,,,,
0.0028245,1.6111,1.1111,1.0556,3.7778,18,6.1895,29,20,19,68,,,,,,
0.0028272,1.6111,1.1111,1.0556,3.7778,18,6.1895,29,20,19,68,,,,,,
0.0028279,1.6111,1.1111,1.0556,3.7778,18,6.1895,29,20,19,68,,,,,,
0.0028292,1.6111,1.1111,1.0556,3.7778,18,6.1895,29,20,19,68,,,,,,
0.00283,1.6111,1.1111,1.0556,3.7778,18,6.1895,29,20,19,68,,,,,,
0.0028309,1.6111,1.1111,1.0556,3.7778,18,6.1895,29,20,19,68,,,,,,
0.0028358,1.6111,1.1111,1.0556,3.7778,18,6.1895,29,20,19,68,,,,,,
0.0028379,1.6111,1.1111,1.0556,3.7778,18,6.1895,29,20,19,68,,,,,,
0.0028398,1.6111,1.1111,1.0556,3.7778,18,6.1895,29,20,19,68,,,,,,
0.00284,1.6111,1.1111,1.0556,3.7778,18,6.1895,29,20,19,68,,,,,,
0.0028402,1.6111,1.1111,1.0556,3.7778,18,6.1895,29,20,19,68,,,,,,
0.0028423,1.6111,1.1111,1.0556,3.7778,18,6.1895,29,20,19,68,,,,,,
0.0028436,1.6111,1.1111,1.0556,3.7778,18,6.1895,29,20,19,68,,,,,,
0.0028449,1.6111,1.1111,1.0556,3.7778,18,6.1895,29,20,19,68,,,,,,
0.0028495,1.6111,1.1111,1.0556,3.7778,18,6.1895,29,20,19,68,,,,,,
0.0028522,1.6111,1.1111,1.0556,3.7778,18,6.1895,29,20,19,68,,,,,,
0.0028527,1.6111,1.1111,1.0556,3.7778,18,6.1895,29,20,19,68,,,,,,
0.0028532,1.6111,1.1111,1.0556,3.7778,18,6.1895,29,20,19,68,,,,,,
0.0028641,1.6111,1.1111,1.0556,3.7778,18,6.1895,29,20,19,68,,,,,,
0.0028682,1.6111,1.1111,1.0556,3.7778,18,6.1895,29,20,19,68,,,,,,
0.0028753,1.6111,1.1111,1.0556,3.7778,18,6.1895,29,20,19,68,,,,,,
0.0028775,1.6111,1.1111,1.0556,3.7778,18,6.1895,29,20,19,68,,,,,,
0.0028809,1.6111,1.1111,1.0556,3.7778,18,6.1895,29,20,19,68,,,,,,
0.0028849,1.6111,1.1111,1.0556,3.7778,18,6.1895,29,20,19,68,,,,,,
0.0028893,1.6111,1.1111,1.0556,3.7778,18,6.1895,29,20,19,68,,,,,,
0.0028984,1.6111,1.1111,1.0556,3.7778,18,6.1895,29,20,19,68,,,,,,
0.0029002,1.6111,1.1111,1.0556,3.7778,18,6.1895,29,20,19,68,,,,,,
0.0029016,1.6111,1.1111,1.0556,3.7778,18,6.1895,29,20,19,68,,,,,,
0.0029021,1.6111,1.1111,1.0556,3.7778,18,6.1895,29,20,19,68,,,,,,
0.0029023,1.6111,1.1111,1.0556,3.7778,18,6.1895,29,20,19,68,,,,,,
0.0029084,1.6111,1.1111,1.0556,3.7778,18,6.1895,29,20,19,68,,,,,,
0.0029105,1.6111,1.1111,1.0556,3.7778,18,6.1895,29,20,19,68,,,,,,
0.0029163,1.6111,1.1111,1.0556,3.7778,18,6.1895,29,20,19,68,,,,,,
0.0029354,1.6111,1.1111,1.0556,3.7778,18,6.1895,29,20,19,68,,,,,,
0.0029378,1.6111,1.1111,1.0556,3.7778,18,6.1895,29,20,19,68,,,,,,
0.0029387,1.6111,1.1111,1.0556,3.7778,18,6.1895,29,20,19,68,,,,,,
0.0029469,1.6111,1.1111,1.0556,3.7778,18,6.1895,29,20,19,68,,,,,,
0.0029523,1.6111,1.1111,1.0556,3.7778,18,6.1895,29,20,19,68,,,,,,
0.0029555,1.6111,1.1111,1.0556,3.7778,18,6.1895,29,20,19,68,,,,,,
0.0029646,1.6111,1.1111,1.0556,3.7778,18,6.1895,29,20,19,68,,,,,,
0.0029726,1.6111,1.1111,1.0556,3.7778,18,6.1895,29,20,19,68,,,,,,
0.0029769,1.6111,1.1111,1.0556,3.7778,18,6.1895,29,20,19,68,,,,,,
0.0029811,1.6111,1.1111,1.0556,3.7778,18,6.1895,29,20,19,68,,,,,,
0.002987,1.6111,1.1111,1.0556,3.7778,18,6.1895,29,20,19,68,,,,,,
0.0029901,1.6111,1.1111,1.0556,3.7778,18,6.1895,29,20,19,68,,,,,,
0.0029922,1.6111,1.1111,1.0556,3.7778,18,6.1895,29,20,19,68,,,,,,
0.0029953,1.6111,1.1111,1.0556,3.7778,18,6.1895,29,20,19,68,,,,,,
0.0029964,1.6111,1.1111,1.0556,3.7778,18,6.1895,29,20,19,68,,,,,,
0.002997,1.6111,1.1111,1.0556,3.7778,18,6.1895,29,20,19,68,,,,,,
0.0030006,1.6111,1.1111,1.0556,3.7778,18,6.1895,29,20,19,68,,,,,,
0.0030069,1.6111,1.1111,1.0556,3.7778,18,6.1895,29,20,19,68,,,,,,
0.0030109,1.6111,1.1111,1.0556,3.7778,18,6.1895,29,20,19,68,,,,,,
0.0030242,1.6111,1.1111,1.0556,3.7778,18,6.1895,29,20,19,68,,,,,,
0.0030256,1.6111,1.1111,1.0556,3.7778,18,6.1895,29,20,19,68,,,,,,
0.0030274,1.6111,1.1111,1.0556,3.7778,18,6.1895,29,20,19,68,,,,,,
0.0030303,1.6111,1.1111,1.0556,3.7778,18,6.1895,29,20,19,68,,,,,,
0.0030327,1.6111,1.1111,1.0556,3.7778,18,6.1895,29,20,19,68,,,,,,
0.0030339,1.6111,1.1111,1.0556,3.7778,18,6.1895,29,20,19,68,,,,,,
0.0030377,1.6111,1.1111,1.0556,3.7778,18,6.1895,29,20,19,68,,,,,,
0.0030404,1.6111,1.1111,1.0556,3.7778,18,6.1895,29,20,19,68,,,,,,
0.0030411,1.6111,1.1111,1.0556,3.7778,18,6.1895,29,20,19,68,,,,,,
0.0030479,1.6111,1.1111,1.0556,3.7778,18,6.1895,29,20,19,68,,,,,,
0.0030522,1.6111,1.1111,1.0556,3.7778,18,6.1895,29,20,19,68,,,,,,
0.0030548,1.6111,1.1111,1.0556,3.7778,18,6.1895,29,20,19,68,,,,,,
0.0030664,1.6111,1.1111,1.0556,3.7778,18,6.1895,29,20,19,68,,,,,,
0.0030665,1.6111,1.1111,1.0556,3.7778,18,6.1895,29,20,19,68,,,,,,
0.0030707,1.6111,1.1111,1.0556,3.7778,18,6.1895,29,20,19,68,,,,,,
0.0030731,1.6111,1.1111,1.0556,3.7778,18,6.1895,29,20,19,68,,,,,,
0.0030758,1.6111,1.1111,1.0556,3.7778,18,6.1895,29,20,19,68,,,,,,
0.0030799,1.6111,1.1111,1.0556,3.7778,18,6.1895,29,20,19,68,,,,,,
0.0030818,1.6111,1.1111,1.0556,3.7778,18,6.1895,29,20,19,68,,,,,,
0.0030833,1.6111,1.1111,1.0556,3.7778,18,6.1895,29,20,19,68,,,,,,
0.0030884,1.6111,1.1111,1.0556,3.7778,18,6.1895,29,20,19,68,,,,,,
0.003094,1.6111,1.1111,1.0556,3.7778,18,6.1895,29,20,19,68,,,,,,
0.0030962,1.6111,1.1111,1.0556,3.7778,18,6.1895,29,20,19,68,,,,,,
0.0030965,1.6111,1.1111,1.0556,3.7778,18,6.1895,29,20,19,68,,,,,,
0.0031007,1.6111,1.1111,1.0556,3.7778,18,6.1895,29,20,19,68,,,,,,
0.0031061,1.6111,1.1111,1.0556,3.7778,18,6.1895,29,20,19,68,,,,,,
0.0031121,1.6111,1.1111,1.0556,3.7778,18,6.1895,29,20,19,68,,,,,,
0.0031125,1.6111,1.1111,1.0556,3.7778,18,6.1895,29,20,19,68,,,,,,
0.0031133,1.6111,1.1111,1.0556,3.7778,18,6.1895,29,20,19,68,,,,,,
0.0031162,1.6111,1.1111,1.0556,3.7778,18,6.1895,29,20,19,68,,,,,,
0.0031178,1.6111,1.1111,1.0556,3.7778,18,6.1895,29,20,19,68,,,,,,
0.0031375,1.6111,1.1111,1.0556,3.7778,18,6.1895,29,20,19,68,,,,,,
0.003139,1.6111,1.1111,1.0556,3.7778,18,6.1895,29,20,19,68,,,,,,
0.0031507,1.6111,1.1111,1.0556,3.7778,18,6.1895,29,20,19,68,,,,,,
0.0031583,1.6111,1.1111,1.0556,3.7778,18,6.1895,29,20,19,68,,,,,,
0.0031652,1.6111,1.1111,1.0556,3.7778,18,6.1895,29,20,19,68,,,,,,
0.0031721,1.6111,1.1111,1.0556,3.7778,18,6.1895,29,20,19,68,,,,,,
0.0031787,1.6111,1.1111,1.0556,3.7778,18,6.1895,29,20,19,68,,,,,,
0.0031815,1.6111,1.1111,1.0556,3.7778,18,6.1895,29,20,19,68,,,,,,
0.0031908,1.6111,1.1111,1.0556,3.7778,18,6.1895,29,20,19,68,,,,,,
0.0032199,1.6111,1.1111,1.0556,3.7778,18,6.1895,29,20,19,68,,,,,,
0.0032288,1.6111,1.1111,1.0556,3.7778,18,6.1895,29,20,19,68,,,,,,
0.0032339,1.6111,1.1111,1.0556,3.7778,18,6.1895,29,20,19,68,,,,,,
0.0032486,1.6111,1.1111,1.0556,3.7778,18,6.1895,29,20,19,68,,,,,,
0.0032489,1.6111,1.1111,1.0556,3.7778,18,6.1895,29,20,19,68,,,,,,
0.0032614,1.6111,1.1111,1.0556,3.7778,18,6.1895,29,20,19,68,,,,,,
0.0032621,1.6111,1.1111,1.0556,3.7778,18,6.1895,29,20,19,68,,,,,,
0.0032659,1.6111,1.1111,1.0556,3.7778,18,6.1895,29,20,19,68,,,,,,
0.0032669,1.6111,1.1111,1.0556,3.7778,18,6.1895,29,20,19,68,,,,,,
0.0032695,1.6111,1.1111,1.0556,3.7778,18,6.1895,29,20,19,68,,,,,,
0.0032749,1.6111,1.1111,1.0556,3.7778,18,6.1895,29,20,19,68,,,,,,
0.0032772,1.6111,1.1111,1.0556,3.7778,18,6.1895,29,20,19,68,,,,,,
0.0032971,1.6111,1.1111,1.0556,3.7778,18,6.1895,29,20,19,68,,,,,,
0.0033027,1.6111,1.1111,1.0556,3.7778,18,6.1895,29,20,19,68,,,,,,
0.0033033,1.6111,1.1111,1.0556,3.7778,18,6.1895,29,20,19,68,,,,,,
0.00331,1.6111,1.1111,1.0556,3.7778,18,6.1895,29,20,19,68,,,,,,
0.003313,1.6111,1.1111,1.0556,3.7778,18,6.1895,29,20,19,68,,,,,,
0.0033375,1.6111,1.1111,1.0556,3.7778,18,6.1895,29,20,19,68,,,,,,
0.0033387,1.6111,1.1111,1.0556,3.7778,18,6.1895,29,20,19,68,,,,,,
0.0033895,1.5556,1,1.0556,3.6111,18,6.3216,28,18,19,65,,,,,,
0.0033895,1.5556,1,1.0556,3.6111,18,6.3216,28,18,19,65,,,,,,
0.0033895,1.5556,1,1.0556,3.6111,18,6.3216,28,18,19,65,,,,,,
0.0033895,1.5556,1,1.0556,3.6111,18,6.3216,28,18,19,65,,,,,,
0.0033895,1.5556,1,1.0556,3.6111,18,6.3216,28,18,19,65,,,,,,
0.0033895,1.5556,1,1.0556,3.6111,18,6.3216,28,18,19,65,,,,,,
0.0033895,1.5556,1,1.0556,3.6111,18,6.3216,28,18,19,65,,,,,,
0.0033895,1.5556,1,1.0556,3.6111,18,6.3216,28,18,19,65,,,,,,
0.0033895,1.5556,1,1.0556,3.6111,18,6.3216,28,18,19,65,,,,,,
0.0034414,1.6111,1.1111,1.0556,3.7778,18,6.1895,29,20,19,68,,,,,,
0.0034955,1.6111,1.1111,1.0556,3.7778,18,6.1895,29,20,19,68,,,,,,
0.0035959,1.5556,1,1.0556,3.6111,18,6.3216,28,18,19,65,,,,,,
0.0036128,1.5556,1,1.0556,3.6111,18,6.3216,28,18,19,65,,,,,,
0.0037139,1.5556,1,1.0556,3.6111,18,6.3216,28,18,19,65,,,,,,
0.0037149,1.5556,1,1.0556,3.6111,18,6.3216,28,18,19,65,,,,,,
0.0037386,1.5556,1,1.0556,3.6111,18,6.3216,28,18,19,65,,,,,,
0.0037423,1.5556,1,1.0556,3.6111,18,6.3216,28,18,19,65,,,,,,
0.0037584,1.5556,1,1.0556,3.6111,18,6.3216,28,18,19,65,,,,,,
0.0037852,1.5556,1,1.0556,3.6111,18,6.3216,28,18,19,65,,,,,,
0.0037855,1.5556,1,1.0556,3.6111,18,6.3216,28,18,19,65,,,,,,
0.00389,1.5556,1,1.0556,3.6111,18,6.3216,28,18,19,65,,,,,,
0.0038965,1.5556,1,1.0556,3.6111,18,6.3216,28,18,19,65,,,,,,
0.003909,1.5556,1,1.0556,3.6111,18,6.3216,28,18,19,65,,,,,,
0.0039436,1.5556,1,1.0556,3.6111,18,6.3216,28,18,19,65,,,,,,
0.0039572,1.5556,1,1.0556,3.6111,18,6.3216,28,18,19,65,,,,,,
0.0040022,1.5556,1,1.0556,3.6111,18,6.3216,28,18,19,65,,,,,,
0.0040586,1.5556,1,1.0556,3.6111,18,6.3216,28,18,19,65,,,,,,
0.0040733,1.5556,1,1.0556,3.6111,18,6.3216,28,18,19,65,,,,,,
0.0041082,1.5556,1,1.0556,3.6111,18,6.3216,28,18,19,65,,,,,,
0.004159,1.5556,1,1.0556,3.6111,18,6.3216,28,18,19,65,,,,,,
0.0041768,1.5556,1,1.0556,3.6111,18,6.3216,28,18,19,65,,,,,,
0.0042356,1.5556,1,1.0556,3.6111,18,6.3216,28,18,19,65,,,,,,
0.004375,1.5556,1,1.0556,3.6111,18,6.3216,28,18,19,65,,,,,,
0.0044061,1.5556,1,1.0556,3.6111,18,6.3216,28,18,19,65,,,,,,
0.004485,1.5556,1,1.0556,3.6111,18,6.3216,28,18,19,65,,,,,,
0.0046349,1.5556,1,1.0556,3.6111,18,6.3216,28,18,19,65,,,,,,
0.0047465,1.5556,1,1.0556,3.6111,18,6.3216,28,18,19,65,,,,,,
0.066396,1.6,1.05,1,3.65,20,6.5619,32,21,20,73,,,,,,
0.12008,1.5,1.0556,1.0556,3.6111,18,5.8615,27,19,19,65,,,,,,
0.12008,1.5,1.0556,1.0556,3.6111,18,5.8615,27,19,19,65,,,,,,
0.12008,1.5,1.0556,1.0556,3.6111,18,5.8615,27,19,19,65,,,,,,
0.12008,1.5,1.0556,1.0556,3.6111,18,5.8615,27,19,19,65,,,,,,
0.12066,1.5,1.0556,1.0556,3.6111,18,5.8615,27,19,19,65,,,,,,
0.12239,1.5,1.0556,1.0556,3.6111,18,5.8615,27,19,19,65,,,,,,
0.12265,1.5,1.0556,1.0556,3.6111,18,5.8615,27,19,19,65,,,,,,
0.1227,1.5,1.0556,1.0556,3.6111,18,5.8615,27,19,19,65,,,,,,
0.12271,1.5,1.0556,1.0556,3.6111,18,5.8615,27,19,19,65,,,,,,
0.12275,1.5,1.0556,1.0556,3.6111,18,5.8615,27,19,19,65,,,,,,
0.12306,1.5,1.0556,1.0556,3.6111,18,5.8615,27,19,19,65,,,,,,
0.12307,1.5,1.0556,1.0556,3.6111,18,5.8615,27,19,19,65,,,,,,
0.12335,1.5,1.0556,1.0556,3.6111,18,5.8615,27,19,19,65,,,,,,
0.12349,1.5,1.0556,1.0556,3.6111,18,5.8615,27,19,19,65,,,,,,
0.12353,1.5,1.0556,1.0556,3.6111,18,5.8615,27,19,19,65,,,,,,
0.12364,1.5,1.0556,1.0556,3.6111,18,5.8615,27,19,19,65,,,,,,
0.1239,1.5,1.0556,1.0556,3.6111,18,5.8615,27,19,19,65,,,,,,
0.124,1.5,1.0556,1.0556,3.6111,18,5.8615,27,19,19,65,,,,,,
0.12425,1.5,1.0556,1.0556,3.6111,18,5.8615,27,19,19,65,,,,,,
0.1244,1.5,1.0556,1.0556,3.6111,18,5.8615,27,19,19,65,,,,,,
0.12447,1.5,1.0556,1.0556,3.6111,18,5.8615,27,19,19,65,,,,,,
0.12506,1.5,1.0556,1.0556,3.6111,18,5.8615,27,19,19,65,,,,,,
0.12551,1.5,1.0556,1.0556,3.6111,18,5.8615,27,19,19,65,,,,,,
0.12552,1.5,1.0556,1.0556,3.6111,18,5.8615,27,19,19,65,,,,,,
0.12577,1.5,1.0556,1.0556,3.6111,18,5.8615,27,19,19,65,,,,,,
0.12579,1.5,1.0556,1.0556,3.6111,18,5.8615,27,19,19,65,,,,,,
0.12614,1.5,1.0556,1.0556,3.6111,18,5.8615,27,19,19,65,,,,,,
0.1268,1.5,1.0556,1.0556,3.6111,18,5.8615,27,19,19,65,,,,,,
0.12837,1.6667,1.0556,1.0556,3.7778,18,6.651,30,19,19,68,,,,,,
0.13231,1.6667,1.0556,1.0556,3.7778,18,6.651,30,19,19,68,,,,,,
0.13304,1.6667,1.0556,1.0556,3.7778,18,6.651,30,19,19,68,,,,,,
0.18764,1.5556,1.1667,1.0556,3.7778,18,5.7719,28,21,19,68,,,,,,
0.18783,1.5556,1.1667,1.0556,3.7778,18,5.7719,28,21,19,68,,,,,,
0.18813,1.5556,1.1667,1.0556,3.7778,18,5.7719,28,21,19,68,,,,,,
0.18833,1.5556,1.1667,1.0556,3.7778,18,5.7719,28,21,19,68,,,,,,
0.18889,1.5556,1.1667,1.0556,3.7778,18,5.7719,28,21,19,68,,,,,,
0.18955,1.5556,1.1667,1.0556,3.7778,18,5.7719,28,21,19,68,,,,,,
0.18983,1.5556,1.1667,1.0556,3.7778,18,5.7719,28,21,19,68,,,,,,
0.19162,1.5556,1.1667,1.0556,3.7778,18,5.7719,28,21,19,68,,,,,,
0.19165,1.5556,1.1667,1.0556,3.7778,18,5.7719,28,21,19,68,,,,,,
0.19213,1.5556,1.1667,1.0556,3.7778,18,5.7719,28,21,19,68,,,,,,
0.27211,1.6111,0.94444,1.0556,3.6111,18,6.8359,29,17,19,65,,,,,,
0.2739,1.6111,0.94444,1.0556,3.6111,18,6.8359,29,17,19,65,,,,,,
0.67241,1.5556,1.2778,1.0556,3.8889,18,5.4851,28,23,19,70,,,,,,
0.67525,1.5556,1.2778,1.0556,3.8889,18,5.4851,28,23,19,70,,,,,,
3.8062,1.7778,1.3333,1.0556,4.1667,18,6.2632,32,24,19,75,,,,,,
11.649,1.5,1.2222,1.7778,4.5,18,4.1065,27,22,32,81,,,,,,
76.892,1.6111,1.1111,4.3333,7.0556,18,3.3609,29,20,78,127,,,,,,
100,1.5556,1.0556,1,3.6111,18,6.3216,28,19,18,65,,,,,,
100,1.6111,1.1667,1,3.7778,18,6.2169,29,21,18,68,,,,,,
100,1.6111,1.1667,1,3.7778,18,6.2169,29,21,18,68,,,,,,
100,1.6111,1.2222,0.94444,3.7778,18,6.2727,29,22,17,68,,,,,,
100,1.6111,1.0556,1.1111,3.7778,18,6.1895,29,19,20,68,,,,,,
100,1.6111,1.1111,1.0556,3.7778,18,6.1895,29,20,19,68,,,,,,
100,1.5556,1.0556,1,3.6111,18,6.3216,28,19,18,65,,,,,,
100,1.5556,1,1.0556,3.6111,18,6.3216,28,18,19,65,,,,,,
100,1.5556,1.0556,1,3.6111,18,6.3216,28,19,18,65,,,,,,
100,1.5556,1.0556,1,3.6111,18,6.3216,28,19,18,65,,,,,,
100,1.6111,1.1667,1,3.7778,18,6.2169,29,21,18,68,,,,,,
100,1.6111,1.2222,0.94444,3.7778,18,6.2727,29,22,17,68,,,,,,
100,1.5556,1.0556,1,3.6111,18,6.3216,28,19,18,65,,,,,,
100,1.5556,1.0556,1,3.6111,18,6.3216,28,19,18,65,,,,,,
100,1.6111,1.1111,1.0556,3.7778,18,6.1895,29,20,19,68,,,,,,
100,1.5556,1.0556,1,3.6111,18,6.3216,28,19,18,65,,,,,,
100,1.6111,1.1667,1,3.7778,18,6.2169,29,21,18,68,,,,,,
100,1.6111,1.1111,1.0556,3.7778,18,6.1895,29,20,19,68,,,,,,
100,1.6111,1.2222,0.94444,3.7778,18,6.2727,29,22,17,68,,,,,,
100,1.5556,1.0556,1,3.6111,18,6.3216,28,19,18,65,,,,,,
100,1.6111,1.1111,1.0556,3.7778,18,6.1895,29,20,19,68,,,,,,
100,1.5,1.0625,0.9375,3.5,16,6.2706,24,17,15,56,,,,,,
100,1.5556,1.0556,1,3.6111,18,6.3216,28,19,18,65,,,,,,
100,1.6111,1.0556,1.1111,3.7778,18,6.1895,29,19,20,68,,,,,,
100,1.6111,1.1667,1,3.7778,18,6.2169,29,21,18,68,,,,,,
100,1.5556,1.0556,1,3.6111,18,6.3216,28,19,18,65,,,,,,
100,1.6111,1.1667,1,3.7778,18,6.2169,29,21,18,68,,,,,,
100,1.6111,1.1667,1,3.7778,18,6.2169,29,21,18,68,,,,,,
100,1.5556,1.0556,1,3.6111,18,6.3216,28,19,18,65,,,,,,
100,1.6111,1.2222,0.94444,3.7778,18,6.2727,29,22,17,68,,,,,,
100,1.5556,1.0556,1,3.6111,18,6.3216,28,19,18,65,,,,,,
100,1.6111,1.2222,0.94444,3.7778,18,6.2727,29,22,17,68,,,,,,
100,1.5556,1,1.0556,3.6111,18,6.3216,28,18,19,65,,,,,,
100,1.5556,1.0556,1,3.6111,18,6.3216,28,19,18,65,,,,,,
100,1.6111,1.1667,1,3.7778,18,6.2169,29,21,18,68,,,,,,
100,1.5556,1.0556,1,3.6111,18,6.3216,28,19,18,65,,,,,,
100,1.5556,1.0556,1,3.6111,18,6.3216,28,19,18,65,,,,,,
100,1.6111,1.1667,1,3.7778,18,6.2169,29,21,18,68,,,,,,
100,1.6111,1.2222,0.94444,3.7778,18,6.2727,29,22,17,68,,,,,,
100,1.6111,1.1111,1.0556,3.7778,18,6.1895,29,20,19,68,,,,,,
100,1.6111,1.0556,1.1111,3.7778,18,6.1895,29,19,20,68,,,,,,
100,1.6111,1.1667,1,3.7778,18,6.2169,29,21,18,68,,,,,,
100,1.6111,1.0556,1.1111,3.7778,18,6.1895,29,19,20,68,,,,,,
100,1.5556,1.0556,1,3.6111,18,6.3216,28,19,18,65,,,,,,
100,1.6111,1.1667,1,3.7778,18,6.2169,29,21,18,68,,,,,,
100,1.6111,1.1667,1,3.7778,18,6.2169,29,21,18,68,,,,,,
100,1.5556,1.0556,1,3.6111,18,6.3216,28,19,18,65,,,,,,
100,1.5556,1.0556,1,3.6111,18,6.3216,28,19,18,65,,,,,,
100,1.6111,1.1667,1,3.7778,18,6.2169,29,21,18,68,,,,,,
100,1.6111,1.1667,1,3.7778,18,6.2169,29,21,18,68,,,,,,
100,1.5556,1.0556,1,3.6111,18,6.3216,28,19,18,65,,,,,,
100,1.6111,1.1111,1.0556,3.7778,18,6.1895,29,20,19,68,,,,,,
100,1.6111,1.1667,1,3.7778,18,6.2169,29,21,18,68,,,,,,
100,1.6111,1.1111,1.0556,3.7778,18,6.1895,29,20,19,68,,,,,,
100,1.5556,1.0556,1,3.6111,18,6.3216,28,19,18,65,,,,,,
100,1.5556,1.0556,1,3.6111,18,6.3216,28,19,18,65,,,,,,
100,1.6111,1.2222,0.94444,3.7778,18,6.2727,29,22,17,68,,,,,,
100,1.6111,1.1111,1.0556,3.7778,18,6.1895,29,20,19,68,,,,,,
100,1.5556,1.0556,1,3.6111,18,6.3216,28,19,18,65,,,,,,
100,1.5556,1.0556,1,3.6111,18,6.3216,28,19,18,65,,,,,,
100,1.6111,1.2222,0.94444,3.7778,18,6.2727,29,22,17,68,,,,,,
100,1.5556,1.0556,1,3.6111,18,6.3216,28,19,18,65,,,,,,
100,1.6111,1.1111,1.0556,3.7778,18,6.1895,29,20,19,68,,,,,,
100,1.5556,1.0556,1,3.6111,18,6.3216,28,19,18,65,,,,,,
100,1.6111,1.1111,1.0556,3.7778,18,6.1895,29,20,19,68,,,,,,
100,1.5556,1.0556,1,3.6111,18,6.3216,28,19,18,65,,,,,,
100,1.6111,1.2222,0.94444,3.7778,18,6.2727,29,22,17,68,,,,,,
100,1.5556,1.0556,1,3.6111,18,6.3216,28,19,18,65,,,,,,
100,1.6111,1.1111,1.0556,3.7778,18,6.1895,29,20,19,68,,,,,,
100,1.5556,1.0556,1,3.6111,18,6.3216,28,19,18,65,,,,,,
100,1.6111,1.1667,1,3.7778,18,6.2169,29,21,18,68,,,,,,
100,1.5556,1.0556,1,3.6111,18,6.3216,28,19,18,65,,,,,,
100,1.6111,1.1667,1,3.7778,18,6.2169,29,21,18,68,,,,,,
100,1.5556,1.0556,1,3.6111,18,6.3216,28,19,18,65,,,,,,
100,1.5556,1.0556,1,3.6111,18,6.3216,28,19,18,65,,,,,,
100,1.5556,1.0556,1,3.6111,18,6.3216,28,19,18,65,,,,,,
100,1.6111,1.2222,0.94444,3.7778,18,6.2727,29,22,17,68,,,,,,
100,1.6111,1.2222,0.94444,3.7778,18,6.2727,29,22,17,68,,,,,,
100,1.5556,1.0556,1,3.6111,18,6.3216,28,19,18,65,,,,,,
100,1.5556,1.0556,1,3.6111,18,6.3216,28,19,18,65,,,,,,
100,1.5556,1.0556,1,3.6111,18,6.3216,28,19,18,65,,,,,,
100,1.5556,1.0556,1,3.6111,18,6.3216,28,19,18,65,,,,,,
100,1.6111,1.1667,1,3.7778,18,6.2169,29,21,18,68,,,,,,
100,1.6111,1.1667,1,3.7778,18,6.2169,29,21,18,68,,,,,,
100,1.6111,1.1111,1.0556,3.7778,18,6.1895,29,20,19,68,,,,,,
100,1.5556,1.0556,1,3.6111,18,6.3216,28,19,18,65,,,,,,
100,1.6111,1.1111,1.0556,3.7778,18,6.1895,29,20,19,68,,,,,,
100,1.6111,1.1111,1.0556,3.7778,18,6.1895,29,20,19,68,,,,,,
100,1.6111,1.1667,1,3.7778,18,6.2169,29,21,18,68,,,,,,
100,1.6111,1.1667,1,3.7778,18,6.2169,29,21,18,68,,,,,,
100,1.5556,1.0556,1,3.6111,18,6.3216,28,19,18,65,,,,,,
100,1.6111,1.0556,1.1111,3.7778,18,6.1895,29,19,20,68,,,,,,
100,1.5556,1.0556,1,3.6111,18,6.3216,28,19,18,65,,,,,,
100,1.6111,1.1667,1,3.7778,18,6.2169,29,21,18,68,,,,,,
100,1.5556,1.0556,1,3.6111,18,6.3216,28,19,18,65,,,,,,
100,1.6111,1.1111,1.0556,3.7778,18,6.1895,29,20,19,68,,,,,,
100,1.5556,1.0556,1,3.6111,18,6.3216,28,19,18,65,,,,,,
100,1.5556,1.0556,1,3.6111,18,6.3216,28,19,18,65,,,,,,
100,1.6111,1.1667,1,3.7778,18,6.2169,29,21,18,68,,,,,,
100,1.5556,1,1.0556,3.6111,18,6.3216,28,18,19,65,,,,,,
100,1.5556,1.0556,1,3.6111,18,6.3216,28,19,18,65,,,,,,
100.01,1.5556,1.1111,0.94444,3.6111,18,6.3529,28,20,17,65,,,,,,
100.01,1.5556,1.1111,0.94444,3.6111,18,6.3529,28,20,17,65,,,,,,
100.01,1.5556,1.1111,0.94444,3.6111,18,6.3529,28,20,17,65,,,,,,
100.01,1.5556,1.1111,0.94444,3.6111,18,6.3529,28,20,17,65,,,,,,
100.01,1.5556,1.1111,0.94444,3.6111,18,6.3529,28,20,17,65,,,,,,
100.01,1.5556,1.1111,0.94444,3.6111,18,6.3529,28,20,17,65,,,,,,
100.01,1.5556,1.1111,0.94444,3.6111,18,6.3529,28,20,17,65,,,,,,
100.01,1.5556,1.1111,0.94444,3.6111,18,6.3529,28,20,17,65,,,,,,
100.01,1.5625,1.1875,0.9375,3.6875,16,6.1754,25,19,15,59,,,,,,
100.01,1.5556,1.1111,0.94444,3.6111,18,6.3529,28,20,17,65,,,,,,
100.01,1.5556,1.1111,0.94444,3.6111,18,6.3529,28,20,17,65,,,,,,
100.01,1.5556,1.1111,0.94444,3.6111,18,6.3529,28,20,17,65,,,,,,
100.01,1.5556,1.1111,0.94444,3.6111,18,6.3529,28,20,17,65,,,,,,
100.01,1.5556,1.1111,0.94444,3.6111,18,6.3529,28,20,17,65,,,,,,
100.01,1.5556,1.1111,0.94444,3.6111,18,6.3529,28,20,17,65,,,,,,
100.01,1.5556,1.1111,0.94444,3.6111,18,6.3529,28,20,17,65,,,,,,
100.01,1.5556,1.1111,0.94444,3.6111,18,6.3529,28,20,17,65,,,,,,
100.01,1.5556,1.1111,0.94444,3.6111,18,6.3529,28,20,17,65,,,,,,
100.01,1.5556,1.1111,0.94444,3.6111,18,6.3529,28,20,17,65,,,,,,
100.01,1.5556,1.1111,0.94444,3.6111,18,6.3529,28,20,17,65,,,,,,
100.01,1.6111,1.0556,1.0556,3.7222,18,6.3823,29,19,19,67,,,,,,
100.01,1.5556,1.1111,0.94444,3.6111,18,6.3529,28,20,17,65,,,,,,
100.01,1.5556,1.1111,0.94444,3.6111,18,6.3529,28,20,17,65,,,,,,
100.01,1.5556,1.1111,0.94444,3.6111,18,6.3529,28,20,17,65,,,,,,
100.01,1.5556,1.1111,0.94444,3.6111,18,6.3529,28,20,17,65,,,,,,
100.01,1.5556,1.1111,0.94444,3.6111,18,6.3529,28,20,17,65,,,,,,
100.01,1.5556,1.1111,0.94444,3.6111,18,6.3529,28,20,17,65,,,,,,
100.01,1.5556,1.1111,0.94444,3.6111,18,6.3529,28,20,17,65,,,,,,
100.01,1.5556,1.0556,1.0556,3.6667,18,6.1191,28,19,19,66,,,,,,
100.01,1.5556,1.1111,0.94444,3.6111,18,6.3529,28,20,17,65,,,,,,
100.01,1.5556,1.1111,0.94444,3.6111,18,6.3529,28,20,17,65,,,,,,
100.01,1.5556,1.1111,0.94444,3.6111,18,6.3529,28,20,17,65,,,,,,
100.01,1.5556,1.1111,0.94444,3.6111,18,6.3529,28,20,17,65,,,,,,
100.12,1.5,1.1111,1,3.6111,18,5.875,27,20,18,65,,,,,,
